{
  "runtime": "v24.12.0",
  "runs": 5,
  "rows": [
    {
      "workload": "highly-compressible",
      "label": "Highly compressible (20 MB, best case)",
      "bytes": 21359855,
      "compressionRatioPct": 0.2913502924060112,
      "gzipTrickMs": 41.65787499999999,
      "baselineMs": 56.908416999999986,
      "savedMs": 15.250541999999996,
      "savedPct": 26.798394339452457,
      "crc": 19756480,
      "crcMatch": true,
      "routesOk": true
    },
    {
      "workload": "text-20mb",
      "label": "Compressible text (20 MB)",
      "bytes": 20971520,
      "compressionRatioPct": 29.184832572937015,
      "gzipTrickMs": 680.8196249999996,
      "baselineMs": 730.0863750000008,
      "savedMs": 49.26675000000114,
      "savedPct": 6.748071418262132,
      "crc": 3742564273,
      "crcMatch": true,
      "routesOk": true
    },
    {
      "workload": "random-20mb",
      "label": "Incompressible data (20 MB)",
      "bytes": 20971520,
      "compressionRatioPct": 100.03054141998291,
      "gzipTrickMs": 343.2903330000008,
      "baselineMs": 354.9194579999985,
      "savedMs": 11.629124999997657,
      "savedPct": 3.2765532398614523,
      "crc": 1265300417,
      "crcMatch": true,
      "routesOk": true
    }
  ]
}